Case_Number,Date,Offense,Description,Block,City,State,latitude,longitude
2018012317,11/22/18,Assault,DOMESTIC  PHYSI,WINDSOR CT,Naperville  ,IL,41.744419,-88.110316
2018012046,11/15/18,Assault,DISORDERLY COND,BOND ST,Naperville  ,IL,41.788584,-88.202334
2018011002,10/18/18,Assault,BATTERY  COLD,MISTFLOWER LN,Naperville  ,IL,41.696337,-88.211951
2018012054,11/15/18,Assault,DOMESTIC DELAYE,BROOKDALE RD,Naperville  ,IL,41.784215,-88.191902
2018010937,10/17/18,Assault,FIGHT IN PROGRE,S WASHINGTON ST,Naperville  ,IL,41.760923,-88.148953
2018002000,2/24/18,Assault,FIGHT IN PROGRE,E JEFFERSON AV/S WASHINGTON ST,Naperville  ,IL,41.772922,-88.147841
2018008499,8/11/18,Assault,DOMESTIC  PHYSI,KENTSHIRE CR,Naperville  ,IL,41.728369,-88.205162
2018010354,9/30/18,Assault,DISORDERLY COND,COUNTRY LAKES DR,Naperville  ,IL,41.795713,-88.208936
2018008182,7/26/18,Assault,FOLLOW UP,E BAILEY RD,Naperville  ,IL,41.740441,-88.126846
2018003063,3/25/18,Assault,DOMESTIC  VERBA,S WRIGHT ST,Naperville  ,IL,41.762883,-88.138171
2018011585,11/2/18,Assault,FIGHT IN PROGRE,S WASHINGTON ST,Naperville  ,IL,41.777618,-88.147607
2018008414,8/8/18,Assault,BATTERY  COLD,SHERMAN AV,Naperville  ,IL,41.789179,-88.134322
2018005001,5/16/18,Assault,DOMESTIC  VERBA,NAPERVILLE WHEATON RD,Naperville  ,IL,41.795831,-88.122253
2018002909,3/20/18,Assault,DOMESTIC  PHYSI,BASSWOOD DR,Naperville  ,IL,41.752368,-88.146247
2018010730,10/10/18,Assault,BATTERY  COLD,BOND ST,Naperville  ,IL,41.788584,-88.202334
2018003517,4/8/18,Assault,TRAFFIC STOP,ROCK SPRING RD/PLAINFIELD NAPERVILLE RD,Naperville  ,IL,41.721411,-88.167408
2018004817,5/11/18,Assault,DISORDERLY COND,PAPAGO CT,Naperville  ,IL,41.797131,-88.145072
2018008665,8/16/18,Assault,FIGHT IN PROGRE,INLAND CR,Naperville  ,IL,41.782273,-88.210409
2018008097,7/31/18,Assault,DISORDERLY COND,E CHICAGO AV,Naperville  ,IL,41.771594,-88.146739
2018007328,7/12/18,Assault,DOMESTIC  VERBA,BRIARHILL CT,Naperville  ,IL,41.724692,-88.155449
2018010522,10/4/18,Assault,DOMESTIC  PHYSI,S RIVER RD,Naperville  ,IL,41.777771,-88.177322
2018009831,9/16/18,Assault,DOMESTIC  VERBA,ELMWOOD DR,Naperville  ,IL,41.753564,-88.153968
2018001514,2/9/18,Assault,SUSPICIOUS VEH,ADA LN,Naperville  ,IL,41.754296,-88.181403
2018003849,4/17/18,Assault,BATTERY  COLD,BOND ST,Naperville  ,IL,41.788584,-88.202334
2018003067,3/25/18,Assault,DISORDERLY COND,OLYMPUS DR,Naperville  ,IL,41.753584,-88.139255
2018008520,8/12/18,Assault,DISORDERLY COND,E CHICAGO AV,Naperville  ,IL,41.771594,-88.146739
2018013514,12/28/18,Assault,ROBBERY COLD,S ROUTE 59,Naperville  ,IL,41.712897,-88.205969
2018009591,9/10/18,Assault,ASSIST FIRE DEP,MCDOWELL RD,Naperville  ,IL,41.796373,-88.200634
2018007907,7/26/18,Assault,DOMESTIC  PHYSI,SHERIDAN CR,Naperville  ,IL,41.785107,-88.203318
2018012195,11/19/18,Assault,DOMESTIC  PHYSI,E BENTON AV,Naperville  ,IL,41.775062,-88.146373
2018009193,8/30/18,Assault,FIGHT IN PROGRE,KIOWA DR,Naperville  ,IL,41.739462,-88.119657
2018006303,6/15/18,Assault,DISORDERLY COND,SHOWPLACE DR,Naperville  ,IL,41.713126,-88.207189
2018006067,6/9/18,Assault,BATTERY  COLD,NORTH AURORA RD,Naperville  ,IL,41.781218,-88.204325
2018007897,7/26/18,Assault,DOMESTIC  PHYSI,TEMPLAR DR,Naperville  ,IL,41.730398,-88.145978
2018011208,10/24/18,Assault,HANGUP 911 CALL,FRASER CR,Naperville  ,IL,41.700264,-88.229815
2018003659,4/9/18,Assault,BATTERY  COLD,AURORA AV,Naperville  ,IL,41.768891,-88.154965
2018007339,7/12/18,Assault,DOMESTIC  PHYSI,BEACONSFIELD AV,Naperville  ,IL,41.723854,-88.157423
2018004626,5/6/18,Assault,ROBBERY IN PROG,HIGH MEADOW RD,Naperville  ,IL,41.678251,-88.197213
2018006834,6/29/18,Assault,DOMESTIC  PHYSI,E OGDEN AV,Naperville  ,IL,41.787294,-88.134836
2018000723,1/17/18,Assault,BATTERY  COLD,FORT HILL DR,Naperville  ,IL,41.772052,-88.195929
2018006012,6/7/18,Assault,DOMESTIC DELAYE,E BAILEY RD,Naperville  ,IL,41.740441,-88.126846
2018002517,3/10/18,Assault,ASSIST FIRE DEP,NEEDHAM RD,Naperville  ,IL,41.782523,-88.128549
2018009745,9/14/18,Assault,FIGHT IN PROGRE,BOOK RD,Naperville  ,IL,41.711395,-88.186542
2018003349,4/3/18,Assault,DOMESTIC  PHYSI,PRAIRIE SAGE LN,Naperville  ,IL,41.678408,-88.198091
2018003635,4/11/18,Assault,WELL BEING CHEC,BOND,Naperville  ,IL,41.794172,-88.202334
2018011692,11/6/18,Assault,BATTERY  COLD,ANNA MARIE LN,Naperville  ,IL,41.710471,-88.208578
2018002571,3/12/18,Assault,DOMESTIC  PHYSI,CORDAY DR,Naperville  ,IL,41.757762,-88.187916
2018002250,3/2/18,Assault,DOMESTIC  VERBA,INLAND CR,Naperville  ,IL,41.782273,-88.210409
2018006602,6/23/18,Assault,DOMESTIC  PHYSI,W CHICAGO AV/S WASHINGTON ST,Naperville  ,IL,41.771508,-88.147987
2018001467,2/8/18,Assault,BATTERY  COLD,LAKEWOOD CR,Naperville  ,IL,41.749109,-88.190545
2018009871,9/17/18,Assault,DOMESTIC DELAYE,FAIRWAY DR,Naperville  ,IL,41.790881,-88.217111
2018010592,10/6/18,Assault,UNKNOWN PROBLEM,WINDEMERE AV,Naperville  ,IL,41.713802,-88.168973
2018007473,7/16/18,Assault,DOMESTIC  PHYSI,BROOKDALE RD,Naperville  ,IL,41.792146,-88.198908
2018002485,3/9/18,Assault,DISORDERLY COND,SHOWPLACE DR,Naperville  ,IL,41.713126,-88.207189
2018012169,11/18/18,Assault,FIGHT IN PROGRE,E CHICAGO AV/S WASHINGTON ST,Naperville  ,IL,41.771508,-88.147987
2018008368,8/7/18,Assault,DOMESTIC  PHYSI,RAYMOND DR,Naperville  ,IL,41.793791,-88.187357
2018004773,5/10/18,Assault,SUBJECT WITH A,E BENTON AV,Naperville  ,IL,41.775062,-88.146373
2018005211,5/21/18,Assault,UNKNOWN PROBLEM,WATERLEAF CT,Naperville  ,IL,41.725213,-88.204977
2018000187,1/6/18,Assault,DISORDERLY COND,NAPERVILLE WHEATON RD,Naperville  ,IL,41.795831,-88.122253
2018011772,11/7/18,Assault,BATTERY  COLD,95TH ST,Naperville  ,IL,41.709924,-88.191836
2018008644,8/16/18,Assault,ROBBERY IN PROG,FOXCROFT RD,Naperville  ,IL,41.733156,-88.136171
2018010387,10/1/18,Assault,DOMESTIC  PHYSI,ALANDALE CR,Naperville  ,IL,41.711398,-88.185855
2018010059,9/22/18,Assault,SUSPICIOUS VEH,S WASHINGTON ST/JACKSON AV,Naperville  ,IL,41.771855,-88.147916
2018007018,7/3/18,Assault,DOMESTIC  PHYSI,REDPOLL CT,Naperville  ,IL,41.739889,-88.130943
2018003047,3/24/18,Assault,FIGHT IN PROGRE,OLYMPUS DR,Naperville  ,IL,41.753584,-88.139255
2018005254,5/21/18,Assault,BATTERY IN PROG,E BENTON AV/N BRAINARD ST,Naperville  ,IL,41.774999,-88.143686
2018001888,2/20/18,Assault,DOMESTIC  PHYSI,DAKOTA CR,Naperville  ,IL,41.800344,-88.133996
2018003165,3/28/18,Assault,DOMESTIC  PHYSI,MECAN DR,Naperville  ,IL,41.725365,-88.176679
2018013254,12/19/18,Assault,DOMESTIC DELAYE,ENCINA DR/S WHISPERING HILLS DR,Naperville  ,IL,41.772694,-88.182081
2018006041,6/9/18,Assault,SUICIDE THREATS,CONTINENTAL AV,Naperville  ,IL,41.780422,-88.210492
2018003263,3/31/18,Assault,THEFT,AURORA AV,Naperville  ,IL,41.763224,-88.196329
2018005968,6/7/18,Assault,DOMESTIC  PHYSI,RUTLAND CR,Naperville  ,IL,41.723408,-88.204649
2018001026,1/27/18,Assault,FIGHT IN PROGRE,W OGDEN AV,Naperville  ,IL,41.754667,-88.201931
2018001707,2/15/18,Assault,DOMESTIC  PHYSI,ONEIDA LN,Naperville  ,IL,41.785522,-88.223876
2018000462,1/13/18,Assault,RUNAWAY JUVENIL,FULHAM DR,Naperville  ,IL,41.728416,-88.203152
2018008166,8/2/18,Assault,FIGHT IN PROGRE,S NAPER BL,Naperville  ,IL,41.749065,-88.115066
2018010862,10/15/18,Assault,BATTERY  COLD,95TH ST,,IL,41.709924,-88.191836
2018013307,12/20/18,Assault,BATTERY IN PROG,E OGDEN AV,,IL,41.787294,-88.134836
2018011544,11/2/18,Assault,UNKNOWN PROBLEM,NAPERVILLE WHEATON RD,,IL,41.795831,-88.122253
2018009473,9/6/18,Assault,DISORDERLY COND,S WASHINGTON ST,,IL,41.760923,-88.148953
2018009325,9/3/18,Assault,DOMESTIC  PHYSI,PETWORTH CT,,IL,41.726142,-88.135601
2018004717,5/8/18,Assault,DOMESTIC  VERBA,SKYLANE DR,,IL,41.713618,-88.194731
2018005750,6/2/18,Assault,DOMESTIC  PHYSI,BAINBRIDGE DR,,IL,41.790852,-88.192834
2018001148,1/30/18,Assault,SUSPICIOUS VEH,E BAILEY RD,,IL,41.740441,-88.126846
2018001664,2/14/18,Assault,BATTERY  COLD,FORT HILL DR,,IL,41.769225,-88.195965
2018011202,10/24/18,Assault,DOMESTIC  PHYSI,AUDREY AV,,IL,41.749559,-88.200077
2018000774,1/22/18,Assault,BATTERY  COLD,CEDAR GLADE DR,,IL,41.709666,-88.200934
2018002304,3/4/18,Assault,DOMESTIC  PHYSI,INLAND CR,,IL,41.782273,-88.210409
2018005315,5/4/18,Assault,BATTERY  COLD,OLYMPUS DR,,IL,41.747501,-88.139256
2018009913,9/18/18,Assault,DOMESTIC  VERBA,FAIRWAY DR,,IL,41.790881,-88.217111
2018004658,5/7/18,Assault,BATTERY  COLD,BOND ST,,IL,41.788584,-88.202334
2018004370,4/30/18,Assault,SUICIDE THREATS,S WHISPERING HILLS DR,,IL,41.775669,-88.182141
2018001542,2/10/18,Assault,DOMESTIC DELAYE,NORWICH CT,,IL,41.725466,-88.152113
2018007570,7/18/18,Assault,DISORDERLY COND,SWIFT LN,,IL,41.744925,-88.135469
2018012882,12/8/18,Assault,WELL BEING CHEC,NORTH AURORA RD,,IL,41.780013,-88.183631
2018013095,12/14/18,Assault,BATTERY IN PROG,BROOKDALE RD,,IL,41.784625,-88.194241
2018001671,2/14/18,Assault,FIGHT IN PROGRE,S WEST ST,,IL,41.760851,-88.158016
2018006061,6/9/18,Assault,DOMESTIC  PHYSI,S WHISPERING HILLS DR,,IL,41.775669,-88.182141
2018013576,12/30/18,Assault,DISORDERLY COND,W CHICAGO AV,,IL,41.771594,-88.146739
2018001517,2/9/18,Assault,CITIZEN ASSIST,KIOWA DR,,IL,41.739415,-88.119862
2018013200,12/17/18,Assault,BATTERY  COLD,S ROUTE 59,,IL,41.757131,-88.205942
2018000921,1/25/18,Assault,FIGHT IN PROGRE,E OGDEN AV,,IL,41.785719,-88.147133
2018011673,11/5/18,Assault,DOMESTIC  PHYSI,SECRETARIAT DR,,IL,41.758612,-88.126131
2018011143,10/23/18,Assault,DOMESTIC DELAYE,SNAPJACK CR,,IL,41.683786,-88.189279
2018002802,3/18/18,Assault,FIGHT IN PROGRE,N SLEIGHT ST,,IL,41.785846,-88.139733
2018008441,8/9/18,Assault,SUICIDE THREATS,HERCULES LN,,IL,41.751188,-88.141582
2018006889,6/30/18,Assault,DISORDERLY COND,CENTER ST,,IL,41.778601,-88.146215
2018013200,12/17/18,Assault,BATTERY  COLD,S ROUTE 59,,IL,41.757131,-88.205942
2018000755,1/22/18,Assault,UNWANTED SUBJEC,BRIERGATE DR,,IL,41.788735,-88.169804
2018007631,7/19/18,Assault,DISORDERLY COND,POMEROON ST,,IL,41.757166,-88.190437
2018005543,5/28/18,Assault,DOMESTIC  PHYSI,ROLLING MEADOWS DR,,IL,41.714515,-88.167977
2018009022,8/25/18,Assault,DOMESTIC  PHYSI,W JEFFERSON AV,,IL,41.773323,-88.161357
2018011188,10/24/18,Assault,DOMESTIC  PHYSI,FAIRWAY DR,,IL,41.790881,-88.217111
2018002304,3/4/18,Assault,DOMESTIC  PHYSI,INLAND CR,,IL,41.782273,-88.210409
2018006041,6/9/18,Assault,SUICIDE THREATS,CONTINENTAL AV,,IL,41.780422,-88.210492
2018005971,6/7/18,Assault,DISORDERLY COND,W JEFFERSON AV,,IL,41.769293,-88.201762
2018010823,10/13/18,Assault,FIGHT IN PROGRE,S WASHINGTON ST,,IL,41.777618,-88.147607
2018003729,4/13/18,Assault,DOMESTIC  VERBA,COUNTRY LAKES DR,,IL,41.795713,-88.208936
2018009473,9/6/18,Assault,DISORDERLY COND,S WASHINGTON ST,,IL,41.760923,-88.148953
2018003699,4/12/18,Assault,DISORDERLY COND,CEDAR GLADE DR,,IL,41.714776,-88.201887
2018011882,11/11/18,Assault,ASSIST FIRE DEP,N MILL ST,,IL,41.787926,-88.154513
2018012640,12/2/18,Assault,BATTERY  COLD,QUINCY AV,,IL,41.774818,-88.191067
2018006961,7/2/18,Assault,DOMESTIC  PHYSI,AURORA AV,,IL,41.766168,-88.177991
2018005991,6/8/18,Assault,DOMESTIC  VERBA,W OGDEN AV,,IL,41.785763,-88.142893
2018002693,3/15/18,Assault,DOMESTIC  PHYSI,HERITAGE HILL DR,,IL,41.783619,-88.166804
2018008550,8/13/18,Assault,DOMESTIC  PHYSI,INLAND CR,,IL,41.782273,-88.210409
2018010404,9/17/18,Assault,DISORDERLY COND,AURORA AV,,IL,41.768891,-88.154965
2018004561,5/5/18,Assault,DISORDERLY COND,E CHICAGO AV,,IL,41.771594,-88.146739
2018011452,10/18/18,Assault,DISORDERLY COND,S NAPER BL,,IL,41.751878,-88.115175
1800085536,9/16/18,Assault,BATT/SIMPLE/CC,8556 SCOTLAND AV,BATON ROUGE,LA,30.525105,-91.180366
1800117985,12/25/18,Assault,DOMESTIC ABUSE BATT,2340 THOMAS H DELPIT RD,BATON ROUGE,LA,30.425826,-91.176772
1800117985,12/25/18,ASSAULT,DOMESTIC ABUSE BATTERY,2340 THOMAS H DELPIT RD,BATON ROUGE,LA,30.425826,-91.176772
1900069432,8/15/18,Assault,BATT/2ND DEGREE,2470 WASHINGTON AV,BATON ROUGE,LA,30.465123,-91.164191
1800105111,11/14/18,HOMICIDE,MURDER/GUN 2ND DEGREE,4896 GUS YOUNG AV,BATON ROUGE,LA,30.462195,-91.141706
1800009009,1/28/18,HOMICIDE,MURDER/GUN 2ND DEGREE,890 SCENIC HW,BATON ROUGE,LA,30.456105,-91.167387
1800119872,12/31/18,Assault,BATT/SIMPLE/CC,1875 PERKINS RD,BATON ROUGE,LA,30.432433,-91.162384
1800119706,12/30/18,Assault,BATT/SIMPLE/CC,2601 SENECA ST,BATON ROUGE,LA,30.471399,-91.162015
1800054313,6/19/18,ASSAULT,ASSAULT/AGG,3708 EVANGELINE ST,BATON ROUGE,LA,30.492793,-91.152289
1800012850,2/10/18,Assault,BATT/SIMPLE/CC,5266 FREY ST,BATON ROUGE,LA,30.475834,-91.137749
1800113396,12/10/18,Assault,DOMESTIC ABUSE BATT,12254 LA MARGIE AV,BATON ROUGE,LA,30.469979,-91.045953
1800007927,1/24/18,Assault,BATT/SIMPLE,1550 N 17TH ST,BATON ROUGE,LA,30.462295,-91.172221
1800053396,6/17/18,ASSAULT,ASSAULT/AGG/CC,9810 AVE G AV,BATON ROUGE,LA,30.533587,-91.195979
1800007950,1/24/18,Assault,DOMESTIC ABUSE BATT,3328 COURTLAND DR,BATON ROUGE,LA,30.480456,-91.086392
1800119140,12/28/18,HOMICIDE,MURDER/GUN 2ND DEGREE,5360 E BROOKSTOWN DR,BATON ROUGE,LA,30.498408,-91.130103
1800045803,5/26/18,Assault,BATT/2ND DEGREE,4364 BEECH ST,BATON ROUGE,LA,30.495642,-91.146011
1800061390,7/8/18,Assault,DOMESTIC ABUSE BATTERY/CC,1919 BLVD DE PROVINCE BL,BATON ROUGE,LA,30.434035,-91.045716
1800115438,12/17/18,ASSAULT,ASSAULT/ AGG KNIFE CUTTING INST,2754 MONROE AV,BATON ROUGE,LA,30.469325,-91.161011
1800076507,8/21/18,ASSAULT,DOMESTIC ABUSE BATTERY,3700 E BROOKSTOWN DR,BATON ROUGE,LA,30.484289,-91.128064
1800030275,4/6/18,Assault,BATT/SIMPLE/CC,11585 N HARRELL'S FERRY RD,BATON ROUGE,LA,30.432412,-91.053662
1800000875,1/3/18,ASSAULT,ASSAULT/SIMPLE/CC,5906 AIRLINE HW,BATON ROUGE,LA,30.502786,-91.131658
1800096759,10/20/18,Assault,DOMESTIC ABUSE BATT,2543 MAIN ST,BATON ROUGE,LA,30.452214,-91.162081
1800081108,9/4/18,Assault,BATT/AGG GUN,1624 N 46TH ST,BATON ROUGE,LA,30.463345,-91.143685
1800026922,3/26/18,Assault,BATT/SIMPLE/CC,720 GOVERNMENT ST,BATON ROUGE,LA,30.443421,-91.183568
1800092971,10/8/18,Assault,BATT/SIMPLE/CC,2920 CANONICUS ST,BATON ROUGE,LA,30.474696,-91.163071
1800085886,9/8/18,ASSAULT,ASSAULT/SIMPLE/CC,900 LEYCESTER DR,BATON ROUGE,LA,30.386032,-91.131913
1800092637,10/7/18,Assault,BATT/SIMPLE/CC,12074 NEWCASTLE AV,BATON ROUGE,LA,30.420421,-91.048164
1800009542,2/1/18,HOMICIDE,MURDER/GUN 1ST DEGREE,6200 CASPER ST,BATON ROUGE,LA,30.505597,-91.166158
1800097173,10/21/18,Assault,DOMESTIC ABUSE BATTERY/CC,2757 FAIRFIELDS AV,BATON ROUGE,LA,30.466864,-91.160913
1800091664,8/21/18,HOMICIDE,MURDER/GUN 2ND DEGREE,1760 PLANK RD,BATON ROUGE,LA,30.464164,-91.165582
1800046032,5/27/18,Assault,BATT/SIMPLE,720 GOVERNMENT ST,BATON ROUGE,LA,30.443421,-91.183568
1800110516,12/2/18,Assault,BATT/SIMPLE,717 N 22ND ST,BATON ROUGE,LA,30.454614,-91.166053
1800010686,2/2/18,Assault,DOMESTIC ABUSE BATTERY/CC,4858 MAPLE ST,BATON ROUGE,LA,30.494419,-91.152479
1800104621,11/13/18,Assault,DOMESTIC ABUSE BATTERY/CC,4328 LAKE LIMESTONE DR,BATON ROUGE,LA,30.413681,-91.049437
1800034371,4/20/18,ASSAULT,ASSAULT/SIMPLE/CC,689 E AIRPORT AV,BATON ROUGE,LA,30.444057,-91.102122
1800002614,1/8/18,Assault,BATT/SIMPLE/CC,620 AMERICA ST,BATON ROUGE,LA,30.445987,-91.184171
1800072951,8/10/18,Assault,DOMESTIC ABUSE BATT,610 S 10TH ST,BATON ROUGE,LA,30.442738,-91.179199
1800086494,9/19/18,ASSAULT,ASSAULT/AGG,3420 WHITE SANDS DR,BATON ROUGE,LA,30.480798,-91.064173
1800006552,1/20/18,Assault,BATT/SIMPLE/CC,4017 ELEANOR DR,BATON ROUGE,LA,30.486451,-91.139046
1800085861,9/17/18,Assault,BATT/SIMPLE/CC,5615 COLLEGE DR,BATON ROUGE,LA,30.436776,-91.131544
1800066309,7/22/18,HOMICIDE,MURDER/GUN 1ST DEGREE,706 E GRANT ST,BATON ROUGE,LA,30.422828,-91.175861
1800088139,9/24/18,HOMICIDE,MURDER/GUN 1ST DEGREE,5500 JACKSON AV,BATON ROUGE,LA,30.467078,-91.134422
1800116912,12/21/18,Assault,BATT/SIMPLE/CC,6401 BLUEBONNET BL,BATON ROUGE,LA,30.392517,-91.090116
1800041661,5/13/18,Assault,DOMESTIC ABUSE BATT,2955 JEFFERSON AV,BATON ROUGE,LA,30.464508,-91.158789
1800041872,5/14/18,Assault,BATT/AGG OTHER DANGER WEAPON,2100 CHOCTAW DR,BATON ROUGE,LA,30.469842,-91.168168
1800041315,5/12/18,ASSAULT,ASSAULT/AGG/CC,12254 LA MARGIE AV,BATON ROUGE,LA,30.469979,-91.045953
1800037743,5/1/18,ASSAULT,ASSAULT/ AGG FIREARM,3939 EVANGELINE ST,BATON ROUGE,LA,30.492891,-91.149993
1800047056,5/30/18,Assault,DOMESTIC ABUSE BATTERY/CC,1658 BELLROSE DR,BATON ROUGE,LA,30.439359,-91.058602
1800083781,9/12/18,Assault,DOMESTIC ABUSE BATT,6907 GOYA AV,BATON ROUGE,LA,30.459137,-91.120041
1800069847,8/1/18,ASSAULT,ASSAULT/AGG FIREARM,10530 FLORIDA BL,BATON ROUGE,LA,30.456754,-91.069844
1800061126,7/7/18,Assault,DOMESTIC ABUSE BATT,1202 MAXIMILIAN ST,BATON ROUGE,LA,30.436959,-91.181134
1800014978,2/16/18,Assault,DOMESTIC ABUSE BATTERY/CC,6103 FLORIDA BL,BATON ROUGE,LA,30.451296,-91.126793
1800025748,3/23/18,Assault,DOMESTIC ABUSE BATTERY/CC,11445 BARD AV,BATON ROUGE,LA,30.467938,-91.055984
1800037928,5/2/18,Assault,DOMESTIC ABUSE BATTERY/CC,4114 PROVOST ST,BATON ROUGE,LA,30.460212,-91.149089
1800004730,1/13/18,Assault,DOMESTIC ABUSE BATT,1566 ROSENWALD RD,BATON ROUGE,LA,30.531499,-91.177933
1800112828,12/9/18,HOMICIDE,MURDER/GUN 2ND DEGREE,5396 UNDERWOOD AV,BATON ROUGE,LA,30.474029,-91.136487
1800108523,11/25/18,HOMICIDE,MURDER/KNIFE 2ND DEGREE,5025 DOUGLAS AV,BATON ROUGE,LA,30.495134,-91.161911
1800055105,6/21/18,ASSAULT,DOMESTIC ABUSE BATTERY,3057 OZARK ST,BATON ROUGE,LA,30.479069,-91.159068
1800112291,12/7/18,Assault,DOMESTIC ABUSE BATT,6325 CYRUS AV,BATON ROUGE,LA,30.489304,-91.127123
1800101364,11/3/18,Assault,BATT/SIMPLE/CC,2000 BRIGHTSIDE DR,BATON ROUGE,LA,30.388113,-91.180678
1800112097,12/6/18,Assault,DOMESTIC ABUSE BATTERY/CC,329 RIVERCREST AV,BATON ROUGE,LA,30.541487,-91.197604
1800022059,3/11/18,ASSAULT,BATT/DOM ABU CHILD ENDANGER/MISD,2370 BALIS DR,BATON ROUGE,LA,30.426726,-91.140194
1800034078,4/19/18,Assault,BATT/SIMPLE/CC,7923 TOM DR,BATON ROUGE,LA,30.465673,-91.106688
1800095023,10/14/18,Assault,BATT/AGG OTHER DANGER WEAPON,6636 HARRY DR,BATON ROUGE,LA,30.456961,-91.122962
1800110135,11/30/18,Assault,BATT/AGG OTHER DANGER WEAPON,140 ELMER AV,BATON ROUGE,LA,30.537854,-91.201062
1800118370,12/26/18,HOMICIDE,MURDER/GUN 2ND DEGREE,5200 WASHINGTON AV,BATON ROUGE,LA,30.466186,-91.136903
1800008199,1/25/18,ASSAULT,ASSAULT/SIMPLE/CC,3600 FLORIDA ST,BATON ROUGE,LA,30.450336,-91.154638
1800037602,5/1/18,HOMICIDE,MURDER/GUN 1ST DEGREE,4000 HAZELWOOD DR,BATON ROUGE,LA,30.485942,-91.141345
1800015401,2/18/18,Assault,DOMESTIC ABUSE BATTERY/CC,881 VIOLET ST,BATON ROUGE,LA,30.420253,-91.186972
1800037057,4/29/18,ASSAULT,ASSAULT/SIMPLE/CC,10044 ALPHA DR,BATON ROUGE,LA,30.488989,-91.072973
1800038114,5/2/18,Assault,DOMESTIC ABUSE BATTERY/CC,16525 S AMITE DR,BATON ROUGE,LA,30.474627,-91.005604
1800116433,12/20/18,Assault,DOMESTIC ABUSE BATTERY/CC,3342 OSWEGO ST,BATON ROUGE,LA,30.480553,-91.155914
1800037201,4/29/18,ASSAULT,DOMESTIC ABUSE BATTERY,3424 IROQUOIS ST,BATON ROUGE,LA,30.472273,-91.155091
1800104876,11/14/18,ASSAULT,DOMESTIC ABUSE BATTERY,450 CLOUD DR,BATON ROUGE,LA,30.445962,-91.131937
1800042120,5/15/18,ASSAULT,BATT/DOM ABU CHILD ENDANGER/MISD,5629 FAIRFIELDS AV,BATON ROUGE,LA,30.467933,-91.133039
1800001290,1/4/18,Assault,BATT/SIMPLE,3105 HIGHLAND RD,BATON ROUGE,LA,30.420621,-91.177683
1800115614,12/17/18,ASSAULT,ASSAULT/DRIVE-BY SHOOTING,1407 ORIOLE ST,BATON ROUGE,LA,30.528365,-91.179229
1800015392,2/18/18,ASSAULT,ASSAULT/SIMPLE/CC,500 E GARFIELD ST,BATON ROUGE,LA,30.422491,-91.176945
1800041740,5/13/18,HOMICIDE,MURDER/GUN 2ND DEGREE,8770 ELMGROVE GARDEN DR,BATON ROUGE,LA,30.527202,-91.169238
1800030219,4/6/18,Assault,DOMESTIC ABUSE BATTERY/CC,4902 AIRLINE HW,BATON ROUGE,LA,30.508474,-91.140584
1800096137,10/18/18,ASSAULT,ASSAULT/SIMPLE/CC,4055 PRESCOTT RD,BATON ROUGE,LA,30.487427,-91.146232
1800035612,4/24/18,Assault,DOMESTIC ABUSE BATT,4888 HOOPER RD,BATON ROUGE,LA,30.524239,-91.142071
1800006273,1/19/18,ASSAULT,ASSAULT/AGG/CC,2434 CABLE ST,BATON ROUGE,LA,30.490074,-91.166224
1800048719,6/4/18,Assault,DOMESTIC ABUSE BATTERY/CC,6764 RENOIR AV,BATON ROUGE,LA,30.461008,-91.121703
1800093224,10/9/18,Assault,DOMESTIC ABUSE BATT,3102 JEFFERSON AV,BATON ROUGE,LA,30.464524,-91.157666
1800034157,4/19/18,ASSAULT,ASSAULT/ AGG FIREARM,2200 KENTUCKY ST,BATON ROUGE,LA,30.427156,-91.174503
1800119542,12/30/18,ASSAULT,DOMESTIC ABUSE BATTERY,6434 GREENWELL SPRINGS RD,BATON ROUGE,LA,30.469868,-91.126084
1800040678,5/10/18,ASSAULT,ASSAULT/SIMPLE,3600 FLORIDA ST,BATON ROUGE,LA,30.450336,-91.154638
1800080342,9/1/18,Assault,BATT/SIMPLE/CC,3446 DRUSILLA LN,BATON ROUGE,LA,30.419465,-91.088596
1800093895,10/11/18,HOMICIDE,MURDER/GUN 2ND DEGREE,130 S 16TH ST,BATON ROUGE,LA,30.447429,-91.172879
1800042451,5/16/18,ASSAULT,ASSAULT/SIMPLE/CC,3579 VICTORIA DR,BATON ROUGE,LA,30.482417,-91.117685
1800089346,9/28/18,Assault,DOMESTIC ABUSE BATTERY/CC,10211 CASHEL AV,BATON ROUGE,LA,30.453281,-91.072892
1800068725,7/29/18,ASSAULT,DOMESTIC ABUSE BATTERY,3748 POCASSET ST,BATON ROUGE,LA,30.482618,-91.163316
1800030720,4/7/18,Assault,DOMESTIC ABUSE BATTERY/CC,1452 DUANE ST,BATON ROUGE,LA,30.434205,-91.186388
1800031098,4/9/18,Assault,BATT/SIMPLE,4755 PRESCOTT DR,BATON ROUGE,LA,30.487508,-91.143024
1800112211,12/7/18,Assault,DOMESTIC ABUSE BATT,4762 WASHINGTON AV,BATON ROUGE,LA,30.466045,-91.142067
1800047380,5/31/18,HOMICIDE,MURDER/GUN 2ND DEGREE,400 E HARRISON ST,BATON ROUGE,LA,30.429034,-91.178794
1800101491,11/3/18,Assault,BATT/SIMPLE/CC,2025 RHODES AV,BATON ROUGE,LA,30.466783,-91.145487
1800060476,7/5/18,ASSAULT,ASSAULT/SIMPLE/CC,2265 HIGHLAND RD,BATON ROUGE,LA,30.426005,-91.180139
1800012130,2/7/18,Assault,BATT/SIMPLE/CC,2803 DAYTON ST,BATON ROUGE,LA,30.488199,-91.161751
1800052501,6/14/18,ASSAULT,ASSAULT/SIMPLE/CC,7515 PERKINS RD,BATON ROUGE,LA,30.395598,-91.110638
1800070399,8/2/18,ASSAULT,ASSAULT/SIMPLE/CC,3578 CANONICUS ST,BATON ROUGE,LA,30.480651,-91.163393
1800000850,1/3/18,ASSAULT,BATT/DOM ABU CHILD ENDANGER/MISD,300 N 15TH ST,BATON ROUGE,LA,30.449948,-91.173574
1800010295,2/1/18,Assault,BATT/SIMPLE/CC,5200 LONGFELLOW DR,BATON ROUGE,LA,30.498324,-91.157235
1800036942,4/28/18,Assault,BATT/SIMPLE,2278 O'NEAL LN,BATON ROUGE,LA,30.436147,-91.007553
1800036293,4/26/18,ASSAULT,BATT/DOM ABUSE STRANGULATION/FELONY,5415 JEFFERSON AV,BATON ROUGE,LA,30.465401,-91.135009
1800108142,11/23/18,Assault,BATT/SIMPLE/CC,9232 GREAT SMOKY AV,BATON ROUGE,LA,30.476098,-91.085589
1800111016,12/3/18,ASSAULT,BATT/DOM ABU CHILD ENDANGER/MISD,3028 CANONICUS ST,BATON ROUGE,LA,30.475689,-91.163115
1800105658,11/16/18,ASSAULT,ASSAULT/SIMPLE/CC,2734 MADISON AV,BATON ROUGE,LA,30.467697,-91.161257
1800048126,6/2/18,ASSAULT,ASSAULT/SIMPLE/CC,3104 SLATE ST,BATON ROUGE,LA,30.460262,-91.158783
1800084862,9/15/18,Assault,BATT/2ND DEGREE,6422 ARBOR VITAE DR,BATON ROUGE,LA,30.509114,-91.132132
1800093000,10/8/18,ASSAULT,DOMESTIC ABUSE BATTERY,1563 CARDINAL ST,BATON ROUGE,LA,30.527649,-91.177727
1800029407,4/3/18,HOMICIDE,MURDER/GUN 2ND DEGREE,1368 MARQUE ANN DR,BATON ROUGE,LA,30.464747,-91.043066
1800101376,11/3/18,Assault,BATT/AGG OTHER DANGER WEAPON,3547 WASHINGTON AV,BATON ROUGE,LA,30.465197,-91.153462
1800062836,7/12/18,Assault,BATT/AGG OTHER DANGER WEAPON,12589 ROBBIE AV,BATON ROUGE,LA,30.464983,-91.043353
1800050180,6/8/18,ASSAULT,ASSAULT/AGG FIREARM,200 LEE DR,BATON ROUGE,LA,30.396034,-91.157745
1800026903,3/26/18,Assault,BATT/SIMPLE/CC,13814 GOODWOOD DR,BATON ROUGE,LA,30.450622,-91.031412
1800061454,7/8/18,Assault,DOMESTIC ABUSE BATT,5538 FREY ST,BATON ROUGE,LA,30.475931,-91.134967
1800063599,7/14/18,ASSAULT,ASSAULT/SIMPLE/CC,2320 S SHERWOOD FOREST BL,BATON ROUGE,LA,30.431939,-91.057277
1800101934,11/4/18,Assault,BATT/AGG KNIFE,6288 AIRLINE HW,BATON ROUGE,LA,30.497542,-91.127863
1800010047,1/31/18,ASSAULT,ASSAULT/SIMPLE/CC,4079 N BARROW DR,BATON ROUGE,LA,30.466156,-91.148669
1800056222,6/24/18,HOMICIDE,MURDER/OTHER 2ND DEGREE,5045 GREENWELL ST,BATON ROUGE,LA,30.502052,-91.140819
1800037894,5/2/18,Assault,BATT/AGG 2ND DEGREE,3579 VICTORIA DR,BATON ROUGE,LA,30.482417,-91.117685
1800015377,2/18/18,Assault,BATT/2ND DEGREE,10210 AVENUE L ST,BATON ROUGE,LA,30.536919,-91.200746
1800030574,4/7/18,Assault,BATT/2ND DEGREE,100 ST VINCENT DE PAUL PL,BATON ROUGE,LA,30.447807,-91.172792
1800029918,4/5/18,Assault,BATT/AGG 2ND DEGREE,3189 OZARK ST,BATON ROUGE,LA,30.479097,-91.158032
1800072934,8/10/18,ASSAULT,ASSAULT/ AGG FIREARM,4903 SHERWOOD ST,BATON ROUGE,LA,30.490353,-91.141303
1800056842,6/26/18,Assault,BATT/AGG OTHER DANGER WEAPON,3921 ELM DR,BATON ROUGE,LA,30.485378,-91.137948
1800024064,3/17/18,Assault,BATT/AGG OTHER DANGER WEAPON,2627 ERIE ST,BATON ROUGE,LA,30.476248,-91.162684
JB253897,4/27/18,Assault,AGG SEX ASSLT OF CHILD FAM MBR,106XX S BENSLEY AVE,Chicago,IL,41.70211053,-87.56321929
JB319019,6/23/18,Assault,NON-AGGRAVATED,003XX S LOOMIS ST,Chicago,IL,41.87727424,-87.66187378
JB321336,6/23/18,Assault,SIMPLE,011XX S STATE ST,Chicago,IL,41.86878023,-87.62745848
JB324434,6/27/18,ASSAULT,AGGRAVATED: HANDGUN,013XX W 100TH PL,Chicago,IL,41.71139362,-87.65494484
JB335166,7/4/18,Assault,SIMPLE,057XX S KEDZIE AVE,Chicago,IL,41.78920462,-87.70343754
JB331940,6/27/18,ASSAULT,AGG PRO.EMP: HANDGUN,037XX S WABASH AVE,Chicago,IL,41.82606905,-87.62485689
JB470779,10/10/18,ASSAULT,AGGRAVATED: HANDGUN,076XX S MAY ST,Chicago,IL,41.75529733,-87.65265389
JB341399,7/8/18,ASSAULT,AGGRAVATED: HANDGUN,043XX S PULASKI RD,Chicago,IL,41.81473776,-87.72384395
JB231543,4/20/18,ASSAULT,AGGRAVATED PO: OTHER DANG WEAP,002XX S CANAL ST,Chicago,IL,41.87884043,-87.63958293
JB434946,9/14/18,Assault,SIMPLE,015XX N CLYBOURN AVE,Chicago,IL,41.91067631,-87.64918707
JB451615,9/25/18,ASSAULT,SIMPLE,068XX S WASHTENAW AVE,Chicago,IL,41.76939989,-87.69070581
JB496541,10/30/18,Assault,AGGRAVATED: HANDGUN,040XX W 30TH ST,Chicago,IL,41.83870645,-87.72595418
JB557534,4/9/18,Assault,AGGRAVATED DOMESTIC BATTERY: KNIFE/CUTTING INST,030XX N RACINE AVE,Chicago,IL,41.93678172,-87.65886094
JB142589,2/5/18,Assault,NON-AGGRAVATED,097XX S TORRENCE AVE,Chicago,IL,41.71847127,-87.55981898
JB159350,2/18/18,Assault,PRO EMP HANDS NO/MIN INJURY,022XX W DIVISION ST,Chicago,IL,41.90307749,-87.68367333
JB236414,4/5/18,Assault,SIMPLE,016XX W HARRISON ST,Chicago,IL,41.87418063,-87.66785807
JB236911,4/25/18,Assault,AGG: HANDS/FIST/FEET SERIOUS INJURY,032XX W 26TH ST,Chicago,IL,41.84449272,-87.70679314
JB238684,4/26/18,ASSAULT,AGGRAVATED PO: HANDGUN,021XX W HARRISON ST,Chicago,IL,41.87398492,-87.68013473
JB160317,2/21/18,Assault,AGGRAVATED PO: OTHER DANG WEAP,031XX S ASHLAND AVE,Chicago,IL,41.83591591,-87.66570061
JB394140,8/15/18,Assault,DOMESTIC BATTERY SIMPLE,082XX S INGLESIDE AVE,Chicago,IL,41.74525081,-87.60137791
JB395320,8/15/18,Assault,AGGRAVATED DOMESTIC BATTERY: OTHER DANG WEAPON,078XX S HERMITAGE AVE,Chicago,IL,41.75146867,-87.66710779
JB395421,8/16/18,Assault,AGGRAVATED DOMESTIC BATTERY: KNIFE/CUTTING INST,078XX S ESCANABA AVE,Chicago,IL,41.75295025,-87.55406184
JB409458,8/26/18,Assault,DOMESTIC BATTERY SIMPLE,101XX S BEVERLY AVE,Chicago,IL,41.70957753,-87.65738476
JB422715,9/5/18,Assault,AGGRAVATED:KNIFE/CUTTING INSTR,054XX S BISHOP ST,Chicago,IL,41.79544872,-87.66097927
JB440555,9/18/18,Assault,SIMPLE,029XX S WABASH AVE,Chicago,IL,41.84114276,-87.62521543
JB452201,9/26/18,Assault,SIMPLE,024XX S SAWYER AVE,Chicago,IL,41.84767091,-87.70635106
JB455307,9/29/18,Assault,AGGRAVATED:KNIFE/CUTTING INSTR,008XX N STATE ST,Chicago,IL,41.89688859,-87.62820319
JB493082,10/27/18,ASSAULT,AGGRAVATED: HANDGUN,015XX W 77TH ST,Chicago,IL,41.75400551,-87.66258107
JB524939,11/22/18,Assault,DOMESTIC BATTERY SIMPLE,011XX E 90TH ST,Chicago,IL,41.73129266,-87.59656123
JB539277,12/4/18,Assault,DOMESTIC BATTERY SIMPLE,118XX S WALLACE ST,Chicago,IL,41.67888743,-87.63711866
JB376325,8/2/18,Assault,PRO EMP HANDS NO/MIN INJURY,0000X E VAN BUREN ST,Chicago,IL,41.87700441,-87.62473155
JB109360,1/8/18,Assault,AGG SEX ASSLT OF CHILD FAM MBR,029XX N SHERIDAN RD,Chicago,IL,41.93515633,-87.63938456
JB283041,5/29/18,Assault,PRO EMP HANDS NO/MIN INJURY,039XX W DIVISION ST,Chicago,IL,41.90267852,-87.72558337
JB329693,6/30/18,Assault,AGG PO HANDS NO/MIN INJURY,091XX S STONY ISLAND AVE,Chicago,IL,41.72916011,-87.58548161
JB344442,7/10/18,Assault,PRO EMP HANDS NO/MIN INJURY,011XX S WABASH AVE,Chicago,IL,41.86838064,-87.62584745
JB545064,12/8/18,Assault,DOMESTIC BATTERY SIMPLE,076XX S COLES AVE,Chicago,IL,41.75690645,-87.55552398
JB548016,11/15/18,Assault,AGG CRIMINAL SEXUAL ABUSE,060XX N CLAREMONT AVE,Chicago,IL,41.99130628,-87.68846016
JB102719,1/3/18,HOMICIDE,FIRST DEGREE MURDER,068XX S EVANS AVE,Chicago,IL,41.77073417,-87.60696828
JB112448,1/11/18,ASSAULT,AGGRAVATED: HANDGUN,003XX W 75TH ST,Chicago,IL,41.75809233,-87.63368299
JB112813,1/9/18,Assault,INDECENT SOLICITATION/CHILD,043XX N MONTICELLO AVE,Chicago,IL,41.95994957,-87.71922296
JB194561,3/21/18,ASSAULT,AGGRAVATED: HANDGUN,095XX S STONY ISLAND AVE,Chicago,IL,41.72191837,-87.58513701
JB490453,10/26/18,Assault,ATTEMPT NON-AGGRAVATED,050XX W CRYSTAL ST,Chicago,IL,41.90319479,-87.75215566
JB230424,4/19/18,Assault,AGGRAVATED: OTHER,039XX N FREMONT ST,Chicago,IL,41.95401666,-87.65210598
JB468091,10/9/18,Assault,SIMPLE,056XX S WOOD ST,Chicago,IL,41.79136464,-87.66937176
JB149581,1/31/18,Assault,AGGRAVATED: HANDGUN,066XX S CAMPBELL AVE,Chicago,IL,41.77289663,-87.68590882
JB507923,11/8/18,Assault,SIMPLE,043XX W 47TH ST,Chicago,IL,41.80775593,-87.73262887
JB525233,11/22/18,Assault,DOMESTIC BATTERY SIMPLE,068XX S KENNETH AVE,Chicago,IL,41.76880238,-87.73347629
JB368524,7/28/18,Assault,AGGRAVATED: KNIFE/CUT INSTR,110XX S HALSTED ST,Chicago,IL,41.69320086,-87.64240522
JB101279,1/2/18,Assault,AGGRAVATED: OTHER,073XX S ARTESIAN AVE,Chicago,IL,41.76027776,-87.68434599
JB461634,10/3/18,HOMICIDE,FIRST DEGREE MURDER,045XX W ADAMS ST,Chicago,IL,41.87781891,-87.73878468
JB544504,12/7/18,Assault,AGGRAVATED:KNIFE/CUTTING INSTR,016XX S KOMENSKY AVE,Chicago,IL,41.85815065,-87.72615933
JB323422,6/26/18,Assault,NON-AGGRAVATED,015XX W 79TH ST,Chicago,IL,41.75038487,-87.66148638
JB300369,6/9/18,Assault,AGGRAVATED: HANDGUN,101XX S PARNELL AVE,Chicago,IL,41.71019314,-87.63685055
JB376047,8/1/18,Assault,NON-AGGRAVATED,036XX N NEW ENGLAND AVE,Chicago,IL,41.94607055,-87.79843909
JB531652,11/28/18,Assault,AGGRAVATED DOMESTIC BATTERY: OTHER DANG WEAPON,080XX S INGLESIDE AVE,Chicago,IL,41.74859122,-87.60147189
JB150193,2/13/18,Assault,AGGRAVATED:KNIFE/CUTTING INSTR,008XX E 79TH ST,Chicago,IL,41.75129148,-87.60490439
JB363671,7/24/18,Assault,AGGRAVATED: HANDGUN,024XX S SPAULDING AVE,Chicago,IL,41.84730428,-87.70755847
JB358768,7/23/18,HOMICIDE,FIRST DEGREE MURDER,011XX N CENTRAL PARK AVE,Chicago,IL,41.90134859,-87.71651188
JB155167,2/17/18,ASSAULT,AGGRAVATED: HANDGUN,068XX S HOYNE AVE,Chicago,IL,41.76967948,-87.67609486
JB309614,6/15/18,Assault,PREDATORY,019XX N LOWELL AVE,Chicago,IL,41.91589514,-87.73506221
JB325148,6/27/18,Assault,AGGRAVATED: HANDGUN,024XX W 70TH ST,Chicago,IL,41.76648886,-87.6849652
JB379731,8/5/18,Assault,AGGRAVATED: HANDGUN,041XX W CULLERTON ST,Chicago,IL,41.85435437,-87.72857747
JB528473,11/20/18,Assault,ATT CRIM SEXUAL ABUSE,052XX S SAWYER AVE,Chicago,IL,41.79851866,-87.70492701
JB220564,4/12/18,Assault,AGGRAVATED:KNIFE/CUTTING INSTR,072XX S STEWART AVE,Chicago,IL,41.76296086,-87.63460877
JB275373,5/23/18,ASSAULT,AGGRAVATED: HANDGUN,003XX W 75TH ST,Chicago,IL,41.75809233,-87.63368299
JB422997,9/5/18,Assault,AGGRAVATED: OTHER,123XX S UNION AVE,Chicago,IL,41.66966276,-87.63923111
JB377706,8/3/18,Assault,DOMESTIC BATTERY SIMPLE,010XX N DRAKE AVE,Chicago,IL,41.89970342,-87.71523474
JB529423,11/26/18,Assault,DOMESTIC BATTERY SIMPLE,065XX S ASHLAND AVE,Chicago,IL,41.77483806,-87.66409078
JB488074,10/24/18,Assault,AGGRAVATED:KNIFE/CUTTING INSTR,021XX W 95TH ST,Chicago,IL,41.72103343,-87.67554318
JB131377,1/24/18,Assault,PREDATORY,077XX S UNION AVE,Chicago,IL,41.75384867,-87.64168188
JB337284,7/2/18,Assault,CRIMINAL SEXUAL ABUSE,003XX S MAPLEWOOD AVE,Chicago,IL,41.87676332,-87.69007565
JB345866,7/11/18,Assault,AGGRAVATED: HANDGUN,072XX S GREEN ST,Chicago,IL,41.76279644,-87.64556274
JB482353,10/13/18,Assault,AGGRAVATED:KNIFE/CUTTING INSTR,012XX N ASHLAND AVE,Chicago,IL,41.90445042,-87.66752546
JB451597,8/19/18,Assault,AGGRAVATED: OTHER,095XX S STATE ST,Chicago,IL,41.72118063,-87.62371719
JB106414,1/6/18,Assault,AGGRAVATED: HANDGUN,023XX E 69TH ST,Chicago,IL,41.76988453,-87.56865203
JB141391,2/4/18,Assault,AGG PO HANDS NO/MIN INJURY,085XX S KINGSTON AVE,Chicago,IL,41.74016323,-87.56240938
JB280599,5/27/18,Assault,AGGRAVATED:KNIFE/CUTTING INSTR,068XX S MORGAN ST,Chicago,IL,41.77012736,-87.64939219
JB398518,4/11/18,ASSAULT,AGGRAVATED: HANDGUN,064XX S CLAREMONT AVE,Chicago,IL,41.77645706,-87.68221417
JB368001,5/1/18,Assault,ATT AGG CRIMINAL SEXUAL ABUSE,035XX W 57TH ST,Chicago,IL,41.78975208,-87.71174512
JB288862,5/1/18,Assault,PREDATORY,024XX W FLOURNOY ST,Chicago,IL,41.87296991,-87.68698908
JB338661,7/6/18,Assault,SIMPLE,006XX S JEFFERSON ST,Chicago,IL,41.87417034,-87.64241662
JB317260,6/17/18,Assault,NON-AGGRAVATED,008XX N MASSASOIT AVE,Chicago,IL,41.89540314,-87.76906322
JB462165,10/4/18,Assault,ATTEMPT NON-AGGRAVATED,048XX W POLK ST,Chicago,IL,41.87025617,-87.74579763
JB494027,10/28/18,Assault,AGGRAVATED:KNIFE/CUTTING INSTR,041XX W 21ST PL,Chicago,IL,41.85253449,-87.72849551
JB558932,12/18/18,Assault,SIMPLE,0000X E 99TH PL,Chicago,IL,41.71355114,-87.62278291
JB467761,9/18/18,Assault,DOMESTIC BATTERY SIMPLE,048XX S LAWLER AVE,Chicago,IL,41.80514926,-87.74920239
JB160874,2/22/18,Assault,AGGRAVATED: HANDGUN,095XX S HALSTED ST,Chicago,IL,41.72100567,-87.64320269
JB500782,10/26/18,Assault,AGG CRIMINAL SEXUAL ABUSE,023XX S HOMAN AVE,Chicago,IL,41.84912354,-87.71004757
JB532034,11/28/18,Assault,AGGRAVATED: OTHER,043XX W WASHINGTON BLVD,Chicago,IL,41.88194833,-87.73390276
JB273286,5/22/18,HOMICIDE,FIRST DEGREE MURDER,030XX W BELMONT AVE,Chicago,IL,41.93936254,-87.70303151
JB532502,9/29/18,Assault,OTHER,037XX W BELDEN AVE,Chicago,IL,41.89214346,-87.61442738
JB449033,9/24/18,Assault,NON-AGGRAVATED,096XX S MICHIGAN AVE,Chicago,IL,41.71902307,-87.62052856
JB102719,1/3/18,HOMICIDE,FIRST DEGREE MURDER,068XX S EVANS AVE,Chicago,IL,41.77073417,-87.60696828
JB112813,1/9/18,SEX OFFENSE,INDECENT SOLICITATION/CHILD,043XX N MONTICELLO AVE,Chicago,IL,41.95994957,-87.71922296
JB461634,10/3/18,HOMICIDE,FIRST DEGREE MURDER,045XX W ADAMS ST,Chicago,IL,41.87781891,-87.73878468
JB358768,7/23/18,HOMICIDE,FIRST DEGREE MURDER,011XX N CENTRAL PARK AVE,Chicago,IL,41.90134859,-87.71651188
JB528473,11/20/18,SEX OFFENSE,ATT CRIM SEXUAL ABUSE,052XX S SAWYER AVE,Chicago,IL,41.79851866,-87.70492701
JB337284,7/2/18,SEX OFFENSE,CRIMINAL SEXUAL ABUSE,003XX S MAPLEWOOD AVE,Chicago,IL,41.87676332,-87.69007565
JB368001,5/1/18,SEX OFFENSE,ATT AGG CRIMINAL SEXUAL ABUSE,035XX W 57TH ST,Chicago,IL,41.78975208,-87.71174512
JB500782,10/26/18,SEX OFFENSE,AGG CRIMINAL SEXUAL ABUSE,023XX S HOMAN AVE,Chicago,IL,41.84912354,-87.71004757
JB273286,5/22/18,HOMICIDE,FIRST DEGREE MURDER,030XX W BELMONT AVE,Chicago,IL,41.93936254,-87.70303151
JB532502,9/29/18,SEX OFFENSE,OTHER,037XX W BELDEN AVE,Chicago,IL,41.89214346,-87.61442738
JC110488,4/30/18,SEX OFFENSE,CRIMINAL SEXUAL ABUSE,047XX N CLARENDON AVE,Chicago,IL,41.96789581,-87.65008279
JB549998,11/29/18,SEX OFFENSE,NON-CONSENSUAL DISSEMINATION PRIVATE SEXUAL IMAGES,010XX N LARAMIE AVE,Chicago,IL,41.89920884,-87.75570338
JB399568,8/19/18,SEX OFFENSE,AGG CRIMINAL SEXUAL ABUSE,005XX N LAVERGNE AVE,Chicago,IL,41.88997848,-87.75052362
JB396584,8/16/18,SEX OFFENSE,CRIMINAL SEXUAL ABUSE,068XX S JUSTINE ST,Chicago,IL,41.76993437,-87.66274142
JB314438,5/18/18,SEX OFFENSE,CRIMINAL SEXUAL ABUSE,061XX S MENARD AVE,Chicago,IL,41.78115042,-87.76673321
JB383178,8/7/18,SEX OFFENSE,PUBLIC INDECENCY,001XX S COLUMBUS DR,Chicago,IL,41.88055567,-87.62077417
JB164505,2/25/18,HOMICIDE,FIRST DEGREE MURDER,000XX N MAYFIELD AVE,Chicago,IL,41.88099563,-87.77181926
JB156223,2/18/18,HOMICIDE,FIRST DEGREE MURDER,077XX S KILBOURN AVE,Chicago,IL,41.75197255,-87.73419372
JB394567,8/15/18,SEX OFFENSE,CRIMINAL SEXUAL ABUSE,022XX N LAWLER AVE,Chicago,IL,41.92114866,-87.75237124
JB385749,8/9/18,SEX OFFENSE,AGG CRIMINAL SEXUAL ABUSE,005XX W HARRISON ST,Chicago,IL,41.87440042,-87.64006789
JB480415,7/27/18,SEX OFFENSE,AGG CRIMINAL SEXUAL ABUSE,029XX W WARREN BLVD,Chicago,IL,41.88195538,-87.69993851
JB148804,2/12/18,HOMICIDE,RECKLESS HOMICIDE,038XX S CALIFORNIA AVE,Chicago,IL,41.82399747,-87.69464352
JB137001,1/31/18,HOMICIDE,FIRST DEGREE MURDER,047XX W ARTHINGTON ST,Chicago,IL,41.86956364,-87.74346523
JB137001,1/31/18,HOMICIDE,FIRST DEGREE MURDER,047XX W ARTHINGTON ST,Chicago,IL,41.86956364,-87.74346523
JB445877,9/22/18,HOMICIDE,FIRST DEGREE MURDER,040XX W LAKE ST,Chicago,IL,41.88548754,-87.72642205
JB516364,11/15/18,HOMICIDE,FIRST DEGREE MURDER,011XX S KEELER AVE,Chicago,IL,41.86766115,-87.73011888
JB174135,3/5/18,HOMICIDE,FIRST DEGREE MURDER,004XX S LARAMIE AVE,Chicago,IL,41.87457491,-87.75484574
JB385627,10/4/18,HOMICIDE,FIRST DEGREE MURDER,122XX S MORGAN ST,Chicago,IL,41.67164714,-87.64657781
JB493178,10/28/18,HOMICIDE,FIRST DEGREE MURDER,062XX S MAPLEWOOD AVE,Chicago,IL,41.78053659,-87.68734253
JB538430,12/3/18,HOMICIDE,FIRST DEGREE MURDER,105XX S YATES AVE,Chicago,IL,41.70388614,-87.56445418
JB308725,6/16/18,HOMICIDE,FIRST DEGREE MURDER,067XX S PARNELL AVE,Chicago,IL,41.77191018,-87.63870912
JB361858,7/31/18,HOMICIDE,FIRST DEGREE MURDER,026XX S DRAKE AVE,Chicago,IL,41.84379394,-87.71355279
JB566817,12/25/18,HOMICIDE,FIRST DEGREE MURDER,024XX S WHIPPLE ST,Chicago,IL,41.84723785,-87.70144087
JB298782,6/8/18,HOMICIDE,FIRST DEGREE MURDER,016XX S HOMAN AVE,Chicago,IL,41.85835942,-87.71031397
JB451055,9/25/18,SEX OFFENSE,AGG CRIMINAL SEXUAL ABUSE,082XX S DREXEL AVE,Chicago,IL,41.74536829,-87.60258949
JB189493,3/17/18,HOMICIDE,FIRST DEGREE MURDER,063XX S RHODES AVE,Chicago,IL,41.77949825,-87.61200593
JB501375,11/3/18,HOMICIDE,FIRST DEGREE MURDER,130XX S DREXEL AVE,Chicago,IL,41.65790983,-87.60093326
JB266947,5/2/18,SEX OFFENSE,AGG CRIMINAL SEXUAL ABUSE,008XX N KOSTNER AVE,Chicago,IL,41.89644878,-87.73598202
JB181529,3/11/18,HOMICIDE,RECKLESS HOMICIDE,007XX W 69TH ST,Chicago,IL,41.76886639,-87.64274494
JB384129,8/9/18,HOMICIDE,FIRST DEGREE MURDER,073XX S UNION AVE,Chicago,IL,41.76103438,-87.64186862
JB106192,1/6/18,HOMICIDE,RECKLESS HOMICIDE,021XX W ADDISON ST,Chicago,IL,41.94682308,-87.68171857